{
  "timestamp": "2026-04-24T14:51:00.306900",
  "label_type": "binary",
  "feature_type": "V2 (50 dims): MFCC+delta+delta2+spectral + pitch + mel-band + dynamics",
  "sample_rate": 16000,
  "best_model": "GradientBoosting",
  "models": {
    "GradientBoosting": {
      "val_accuracy": 0.7097611630321911,
      "val_f1_macro": 0.5045666573444144,
      "training_time_sec": 385.579354763031
    },
    "RandomForest": {
      "val_accuracy": 0.9004413291796469,
      "val_f1_macro": 0.47380643398674954,
      "training_time_sec": 25.18123769760132
    }
  },
  "test_evaluation": {
    "test_accuracy": 0.7126304921417919,
    "test_f1_macro": 0.4809226627936174,
    "test_f1_weighted": 0.7614068998994948,
    "test_precision_macro": 0.49907027114941455,
    "test_recall_macro": 0.4980599871653753,
    "classification_report": {
      "emergency": {
        "precision": 0.09419762078174314,
        "recall": 0.23275344931013797,
        "f1-score": 0.1341168337366056,
        "support": 1667.0
      },
      "normal": {
        "precision": 0.903942921517086,
        "recall": 0.7633665250206126,
        "f1-score": 0.8277284918506292,
        "support": 15767.0
      },
      "accuracy": 0.7126304921417919,
      "macro avg": {
        "precision": 0.49907027114941455,
        "recall": 0.4980599871653753,
        "f1-score": 0.4809226627936174,
        "support": 17434.0
      },
      "weighted avg": {
        "precision": 0.8265168909833119,
        "recall": 0.7126304921417919,
        "f1-score": 0.7614068998994948,
        "support": 17434.0
      }
    },
    "n_test_samples": 17434
  },
  "best_threshold": 0.45,
  "threshold_selection_metric": "emergency_f1",
  "test_evaluation_at_best_threshold": {
    "threshold": 0.45,
    "accuracy": 0.6056556154640358,
    "emergency_precision": 0.09765142150803462,
    "emergency_recall": 0.379124175164967,
    "emergency_f1": 0.1553016341073842
  }
}