{
  "timestamp": "2026-04-19T04:08:43.935680",
  "label_type": "keyword",
  "feature_type": "MFCC-13 + delta + delta2 + spectral (43 features)",
  "sample_rate": 16000,
  "best_model": "GradientBoosting",
  "models": {
    "GradientBoosting": {
      "train_accuracy": 0.8458225911550556,
      "val_accuracy": 0.11071231363887354,
      "val_f1": 0.08888365881052478,
      "training_time_sec": 11322.06338763237
    },
    "RandomForest": {
      "train_accuracy": 0.9962319743887582,
      "val_accuracy": 0.1853948094975152,
      "val_f1": 0.08563073586145323,
      "training_time_sec": 22.142396211624146
    }
  },
  "test_evaluation": {
    "model_name": "GradientBoosting",
    "label_type": "keyword",
    "test_accuracy": 0.12988604337703713,
    "test_precision": 0.08870744336871714,
    "test_recall": 0.12988604337703713,
    "test_f1": 0.09448292018879278,
    "n_test_samples": 16322,
    "n_classes": 64,
    "classes": [
      "Ok",
      "กิน",
      "ก็เลยรู้สึกว่า",
      "ก็แบบ",
      "ครับผม",
      "คือแบบ",
      "ค่ะก็",
      "ชอบ",
      "ช่วย",
      "ซึ่ง",
      "ด้วย",
      "ตอนนี้",
      "ต้อง",
      "ถ้า",
      "ถ้าอย่าง",
      "ถ้าแบบ",
      "นะครับผม",
      "บางที",
      "ปวด",
      "พวก",
      "พอ",
      "มันก็",
      "มา",
      "มีค่ะ",
      "รู้สึกว่า",
      "ล้ม",
      "สวัสดีครับ",
      "หมอ",
      "หรือว่า",
      "หายใจ",
      "หืม",
      "อย่าง",
      "อา",
      "อาฮะ",
      "อือฮึ",
      "อื้ม",
      "อื๊ม",
      "อุบัติเหตุ",
      "อุ๊ย",
      "เค้าเรียกอะไรอะ",
      "เจ็บ",
      "เป็นแบบ",
      "เรา",
      "เราก็",
      "เราก็เลยแบบ",
      "เราก็แบบ",
      "เร็ว",
      "เลือด",
      "เหมือน",
      "เหรอ",
      "เอิ่ม",
      "แต่",
      "แต่ก็",
      "แต่ถ้า",
      "แต่ว่าแบบ",
      "แบบว่า",
      "แล้วก็แบบ",
      "แล้วแบบ",
      "โทร",
      "โรงพยาบาล",
      "ใช่ก็",
      "ใช่ค่ะ",
      "ใช่มั้ย",
      "ไปเที่ยว"
    ],
    "classification_report": {
      "Ok": {
        "precision": 0.020833333333333332,
        "recall": 0.02040816326530612,
        "f1-score": 0.020618556701030927,
        "support": 49.0
      },
      "กิน": {
        "precision": 0.12318840579710146,
        "recall": 0.06666666666666667,
        "f1-score": 0.08651399491094147,
        "support": 1020.0
      },
      "ก็เลยรู้สึกว่า": {
        "precision": 0.07692307692307693,
        "recall": 0.018518518518518517,
        "f1-score": 0.029850746268656716,
        "support": 54.0
      },
      "ก็แบบ": {
        "precision": 0.0,
        "recall": 0.0,
        "f1-score": 0.0,
        "support": 71.0
      },
      "ครับผม": {
        "precision": 0.03333333333333333,
        "recall": 0.02824858757062147,
        "f1-score": 0.03058103975535168,
        "support": 177.0
      },
      "คือแบบ": {
        "precision": 0.0,
        "recall": 0.0,
        "f1-score": 0.0,
        "support": 185.0
      },
      "ค่ะก็": {
        "precision": 0.0,
        "recall": 0.0,
        "f1-score": 0.0,
        "support": 20.0
      },
      "ชอบ": {
        "precision": 0.038869257950530034,
        "recall": 0.028720626631853787,
        "f1-score": 0.03303303303303303,
        "support": 383.0
      },
      "ช่วย": {
        "precision": 0.0,
        "recall": 0.0,
        "f1-score": 0.0,
        "support": 24.0
      },
      "ซึ่ง": {
        "precision": 0.018518518518518517,
        "recall": 0.03333333333333333,
        "f1-score": 0.023809523809523808,
        "support": 60.0
      },
      "ด้วย": {
        "precision": 0.024390243902439025,
        "recall": 0.016181229773462782,
        "f1-score": 0.019455252918287938,
        "support": 309.0
      },
      "ตอนนี้": {
        "precision": 0.0,
        "recall": 0.0,
        "f1-score": 0.0,
        "support": 41.0
      },
      "ต้อง": {
        "precision": 0.05405405405405406,
        "recall": 0.027439024390243903,
        "f1-score": 0.03640040444893832,
        "support": 656.0
      },
      "ถ้า": {
        "precision": 0.03271028037383177,
        "recall": 0.01443298969072165,
        "f1-score": 0.020028612303290415,
        "support": 485.0
      },
      "ถ้าอย่าง": {
        "precision": 0.0,
        "recall": 0.0,
        "f1-score": 0.0,
        "support": 72.0
      },
      "ถ้าแบบ": {
        "precision": 0.0,
        "recall": 0.0,
        "f1-score": 0.0,
        "support": 74.0
      },
      "นะครับผม": {
        "precision": 0.0,
        "recall": 0.0,
        "f1-score": 0.0,
        "support": 96.0
      },
      "บางที": {
        "precision": 0.009302325581395349,
        "recall": 0.020618556701030927,
        "f1-score": 0.01282051282051282,
        "support": 97.0
      },
      "ปวด": {
        "precision": 0.0,
        "recall": 0.0,
        "f1-score": 0.0,
        "support": 30.0
      },
      "พวก": {
        "precision": 0.008310249307479225,
        "recall": 0.01818181818181818,
        "f1-score": 0.011406844106463879,
        "support": 165.0
      },
      "พอ": {
        "precision": 0.0,
        "recall": 0.0,
        "f1-score": 0.0,
        "support": 128.0
      },
      "มันก็": {
        "precision": 0.024193548387096774,
        "recall": 0.017543859649122806,
        "f1-score": 0.020338983050847456,
        "support": 342.0
      },
      "มา": {
        "precision": 0.08242424242424243,
        "recall": 0.07150368033648791,
        "f1-score": 0.07657657657657657,
        "support": 951.0
      },
      "มีค่ะ": {
        "precision": 0.0,
        "recall": 0.0,
        "f1-score": 0.0,
        "support": 0.0
      },
      "รู้สึกว่า": {
        "precision": 0.10059171597633136,
        "recall": 0.031078610603290677,
        "f1-score": 0.04748603351955307,
        "support": 547.0
      },
      "ล้ม": {
        "precision": 0.0,
        "recall": 0.0,
        "f1-score": 0.0,
        "support": 5.0
      },
      "สวัสดีครับ": {
        "precision": 0.01694915254237288,
        "recall": 0.020202020202020204,
        "f1-score": 0.018433179723502304,
        "support": 99.0
      },
      "หมอ": {
        "precision": 0.0,
        "recall": 0.0,
        "f1-score": 0.0,
        "support": 15.0
      },
      "หรือว่า": {
        "precision": 0.04891304347826087,
        "recall": 0.015817223198594025,
        "f1-score": 0.02390438247011952,
        "support": 569.0
      },
      "หายใจ": {
        "precision": 0.0,
        "recall": 0.0,
        "f1-score": 0.0,
        "support": 5.0
      },
      "หืม": {
        "precision": 0.0,
        "recall": 0.0,
        "f1-score": 0.0,
        "support": 7.0
      },
      "อย่าง": {
        "precision": 0.22524718948936748,
        "recall": 0.5281041600508097,
        "f1-score": 0.31579946828712496,
        "support": 3149.0
      },
      "อา": {
        "precision": 0.026615969581749048,
        "recall": 0.014084507042253521,
        "f1-score": 0.018421052631578946,
        "support": 497.0
      },
      "อาฮะ": {
        "precision": 0.023255813953488372,
        "recall": 0.06666666666666667,
        "f1-score": 0.034482758620689655,
        "support": 15.0
      },
      "อือฮึ": {
        "precision": 0.0,
        "recall": 0.0,
        "f1-score": 0.0,
        "support": 26.0
      },
      "อื้ม": {
        "precision": 0.0,
        "recall": 0.0,
        "f1-score": 0.0,
        "support": 13.0
      },
      "อื๊ม": {
        "precision": 0.009900990099009901,
        "recall": 0.034482758620689655,
        "f1-score": 0.015384615384615385,
        "support": 29.0
      },
      "อุบัติเหตุ": {
        "precision": 0.0,
        "recall": 0.0,
        "f1-score": 0.0,
        "support": 1.0
      },
      "อุ๊ย": {
        "precision": 0.0,
        "recall": 0.0,
        "f1-score": 0.0,
        "support": 20.0
      },
      "เค้าเรียกอะไรอะ": {
        "precision": 0.0,
        "recall": 0.0,
        "f1-score": 0.0,
        "support": 18.0
      },
      "เจ็บ": {
        "precision": 0.0,