{
  "timestamp": "2026-04-22T22:37:06.043760",
  "label_type": "binary",
  "note": "Retrained with class_weight=balanced / sample_weight to fix emergency=0 recall",
  "best_model": "GradientBoosting",
  "models": {
    "GradientBoosting": {
      "val_accuracy": 0.746134732192159,
      "val_f1_macro": 0.49683300576924494,
      "training_time_sec": 126.28143072128296
    },
    "RandomForest": {
      "val_accuracy": 0.9035063500828272,
      "val_f1_macro": 0.4746537094785699,
      "training_time_sec": 8.364896774291992
    }
  },
  "test_evaluation": {
    "test_accuracy": 0.7393089082220317,
    "test_f1_macro": 0.4880140142248133,
    "test_f1_weighted": 0.7831509120282801,
    "test_precision_macro": 0.5020538305158564,
    "test_recall_macro": 0.5042319876586048,
    "n_test_samples": 16322
  },
  "best_threshold": 0.5,
  "test_evaluation_at_best_threshold": {
    "threshold": 0.5,
    "accuracy": 0.2606910917779684,
    "emergency_precision": 0.08772610822141139,
    "emergency_recall": 0.7814661134163209,
    "emergency_f1": 0.15774411949466044
  }
}