{
  "timestamp": "2026-04-23T18:11:13.897763",
  "label_type": "binary",
  "feature_type": "MFCC-13 + delta + delta2 + spectral (43 features)",
  "sample_rate": 16000,
  "best_model": "GradientBoosting",
  "models": {
    "GradientBoosting": {
      "train_accuracy": 0.8476693511136103,
      "val_accuracy": 0.6975597092419522,
      "val_f1": 0.4934942113769274,
      "training_time_sec": 203.65164375305176
    },
    "RandomForest": {
      "train_accuracy": 0.9999799168557829,
      "val_accuracy": 0.9004413291796469,
      "val_f1": 0.47380643398674954,
      "training_time_sec": 12.81784176826477
    }
  },
  "test_evaluation": {
    "model_name": "GradientBoosting",
    "label_type": "binary",
    "test_accuracy": 0.7104508431799931,
    "test_precision": 0.8282490991768906,
    "test_recall": 0.7104508431799931,
    "test_f1": 0.7604217796571633,
    "n_test_samples": 17434,
    "n_classes": 2,
    "classes": [
      "emergency",
      "normal"
    ],
    "classification_report": {
      "emergency": {
        "precision": 0.09874198908141467,
        "recall": 0.2495500899820036,
        "f1-score": 0.1414965986394558,
        "support": 1667.0
      },
      "normal": {
        "precision": 0.9053778080326753,
        "recall": 0.7591805670070401,
        "f1-score": 0.825858976128053,
        "support": 15767.0
      },
      "accuracy": 0.7104508431799931,
      "macro avg": {
        "precision": 0.502059898557045,
        "recall": 0.5043653284945219,
        "f1-score": 0.48367778738375444,
        "support": 17434.0
      },
      "weighted avg": {
        "precision": 0.8282490991768906,
        "recall": 0.7104508431799931,
        "f1-score": 0.7604217796571633,
        "support": 17434.0
      }
    }
  }
}